[{
    "groupHeaderData": {
        "title": "审核多久能通过？"
    },
    "groupListData": ["一般在1-3个工作日内审核通过，节假日另算。工作量多的时候就久一点，少就快一点。如果着急审核时间可以再次咨询。"]
},
{
    "groupHeaderData": {
        "title": "如何修改登录密码？"
    },
    "groupListData": ["请到个人中心安全中心页面点击“修改密码”，或者到登陆页面点击忘记密码进行重新修改个人密码。"]
},
{
    "groupHeaderData": {
        "title": "如何修改注册手机号？？"
    },
    "groupListData": ["你可以拨打智通三千人工客服进行详细咨询。"]
},
{
    "groupHeaderData": {
        "title": "如何解绑微信"
    },
    "groupListData": ["一般在1-3个工作日内审核通过，节假日另算。工作量多的时候就久一点，少就快一点。如果着急审核时间可以再次咨询。"]
}


]